{"cameraMode":{"drawMode":0,"name":"Shaded","section":"Shading Mode"},"sceneLighting":true,"audioPlay":false,"sceneViewState":{"m_AlwaysRefresh":false,"showFog":true,"showSkybox":true,"showFlares":true,"showImageEffects":true,"showParticleSystems":true,"showVisualEffectGraphs":true,"m_FxEnabled":true},"in2DMode":false,"pivot":{"x":-1.9369745254516602,"y":-0.1696605682373047,"z":24.580862045288087},"rotation":{"x":0.16782884299755097,"y":-0.6878693103790283,"z":0.16833321750164033,"w":0.6858087778091431},"size":12.651805877685547,"orthographic":false}