{"cameraMode":{"drawMode":0,"name":"Shaded","section":"Shading Mode"},"sceneLighting":true,"audioPlay":false,"sceneViewState":{"m_AlwaysRefresh":false,"showFog":true,"showSkybox":true,"showFlares":true,"showImageEffects":true,"showParticleSystems":true,"showVisualEffectGraphs":true,"m_FxEnabled":true},"in2DMode":false,"pivot":{"x":444.9588317871094,"y":397.1431579589844,"z":-70.68901062011719},"rotation":{"x":-0.00029174608062021434,"y":0.9941368699073792,"z":-0.1080976277589798,"w":-0.0026831976138055326},"size":103.07764434814453,"orthographic":false}