{"cameraMode":{"drawMode":0,"name":"Shaded","section":"Shading Mode"},"sceneLighting":true,"audioPlay":false,"sceneViewState":{"m_AlwaysRefresh":false,"showFog":true,"showSkybox":true,"showFlares":true,"showImageEffects":true,"showParticleSystems":true,"showVisualEffectGraphs":true,"m_FxEnabled":true},"in2DMode":false,"pivot":{"x":943.5913696289063,"y":580.9976806640625,"z":-171.96136474609376},"rotation":{"x":-0.029963871464133264,"y":-0.045851390808820727,"z":0.0013807257637381554,"w":-0.9985073804855347},"size":458.003662109375,"orthographic":true}